dhoni,2024-07-21 22:21:04.173945
dhoni,2024-07-21 22:21:04.777439
dhoni,2024-07-21 22:21:05.348798
rohan,2024-07-21 22:21:11.429806
rohan,2024-07-21 22:21:12.042844
rohan,2024-07-21 22:21:12.677468
rohan,2024-07-21 22:21:13.264020
rahul,2024-07-21 22:21:18.591728
rahul,2024-07-21 22:21:19.193469
rahul,2024-07-21 22:21:19.803920
rahul,2024-07-21 22:21:20.505171
dhoni,2024-07-21 22:22:27.707775
dhoni,2024-07-21 22:22:28.037596
dhoni,2024-07-21 22:22:28.347028
dhoni,2024-07-21 22:22:28.649907
rohan,2024-07-21 22:22:29.132430
rohan,2024-07-21 22:22:29.444984
rohan,2024-07-21 22:22:29.745194
rohan,2024-07-21 22:22:30.077274
rohan,2024-07-21 22:22:30.409151
rahul,2024-07-21 22:22:30.726220
rahul,2024-07-21 22:22:31.123080
rahul,2024-07-21 22:22:31.427379
rahul,2024-07-21 22:22:31.758785
rahul,2024-07-21 22:22:32.077889
dhoni,2024-07-21 22:22:44.540746
dhoni,2024-07-21 22:22:44.857956
dhoni,2024-07-21 22:22:45.154822
dhoni,2024-07-21 22:22:45.471075
rohan,2024-07-21 22:22:45.923501
rohan,2024-07-21 22:22:46.228531
rohan,2024-07-21 22:22:46.622151
rohan,2024-07-21 22:22:46.944233
rohan,2024-07-21 22:22:47.241778
rahul,2024-07-21 22:22:47.545591
rahul,2024-07-21 22:22:47.845461
rahul,2024-07-21 22:22:48.153521
rahul,2024-07-21 22:22:48.444108
rahul,2024-07-21 22:22:48.744664
